dur,proto,service,state,spkts,dpkts,sbytes,dbytes,rate,sttl,dttl,sload,dload,sloss,dloss,sinpkt,dinpkt,sjit,djit,swin,stcpb,dtcpb,dwin,tcprtt,synack,ackdat,smean,dmean,trans_depth,response_body_len,ct_srv_src,ct_state_ttl,ct_dst_ltm,ct_src_dport_ltm,ct_dst_sport_ltm,ct_dst_src_ltm,is_ftp_login,ct_ftp_cmd,ct_flw_http_mthd,ct_src_ltm,ct_srv_dst,is_sm_ips_ports,attack_cat
0.338518,tcp,http,FIN,66,14,78481,612,233.370165,254,252,1826597.125,13446.84766,30,1,4.991231,25.489846,514.881352,38.656297,255,2381717425,307268346,255,0.05277,0.007146,0.045624,1189,44,1,0,1,1,1,1,1,1,0,0,1,1,1,0,Worms
0.383961,tcp,http,FIN,14,6,8682,268,49.484193,254,252,167975.3906,4667.140625,4,1,26.139386,62.432801,1625.204667,82.153391,255,1575816531,4175520389,255,0.130403,0.071783,0.05862,620,45,1,0,1,1,1,1,1,1,0,0,1,1,1,0,Worms
5e-06,udp,-,INT,2,0,2050,0,200000.0051,254,0,1640000000.0,0.0,0,0,0.005,0.0,0.0,0.0,0,0,0,0,0.0,0.0,0.0,1025,0,0,0,1,2,1,1,1,1,0,0,0,1,2,0,Worms
0.544871,tcp,http,FIN,10,6,1282,268,27.529453,254,252,16943.46094,3288.852051,2,1,55.869222,96.552,2802.03941,135.967578,255,3292139113,1813130709,255,0.149761,0.062102,0.087659,128,45,1,0,1,1,2,1,1,1,0,0,1,1,7,0,Worms
1.598383,tcp,http,FIN,10,8,1292,354,10.635749,254,252,5820.882812,1551.568115,2,1,170.102444,208.701719,10177.71167,397.929344,255,3324760610,1480363841,255,0.217891,0.137468,0.080423,129,44,1,0,1,1,1,1,1,1,0,0,1,1,1,0,Worms
0.316906,tcp,http,FIN,10,6,1308,268,47.332647,254,252,29737.52344,5654.67334,2,1,30.842778,53.058398,1603.61323,75.567961,255,3852607937,3920878397,255,0.106985,0.051611,0.055374,131,45,1,0,1,1,1,1,1,1,0,0,1,1,1,0,Worms
0.242829,tcp,http,FIN,10,6,1302,268,61.771865,254,252,38611.53516,7379.678711,2,1,24.570556,45.564,1231.742796,67.588063,255,918662691,1212772523,255,0.067749,0.015,0.052749,130,45,1,0,2,1,1,1,1,1,0,0,1,1,1,0,Worms
0.743001,tcp,http,FIN,10,8,1296,354,22.880185,254,252,12565.25879,3337.815186,2,1,69.513,97.42343,4516.626772,134.545375,255,4167458773,3052910372,255,0.12258,0.061028,0.061552,130,44,1,0,2,1,1,1,1,1,0,0,1,2,1,0,Worms
2.488418,tcp,http,FIN,10,8,1272,354,6.831649,62,252,3681.053467,996.617065,2,1,267.386444,341.253,16706.80108,602.537,255,3942689868,3749189343,255,0.190527,0.099638,0.090889,127,44,1,0,2,1,2,1,1,2,0,0,1,2,1,0,Worms
7.667978,tcp,http,FIN,112,674,5100,914280,102.373797,254,252,5273.880859,952453.4375,2,335,69.080885,11.26521,3435.157338,1485.921392,255,675707865,3192434403,255,0.15919,0.082213,0.076977,46,1356,1,443364,1,1,1,1,1,1,0,0,1,2,1,0,Worms
0.225295,tcp,http,FIN,10,6,1022,268,66.579372,254,252,32668.27734,7954.015625,2,1,22.151778,40.155199,1133.838102,57.180352,255,177303628,80868074,255,0.075832,0.02451,0.051322,102,45,1,0,1,1,1,1,1,1,0,0,1,1,1,0,Worms
0.777128,tcp,http,FIN,10,6,1302,268,19.30184,254,252,12064.93652,2305.926514,2,1,84.239444,143.610797,4529.496962,240.546703,255,4124911946,3443459206,255,0.129705,0.059065,0.07064,130,45,1,0,2,1,1,1,1,3,0,0,1,2,2,0,Worms
7e-06,udp,-,INT,2,0,92,0,142857.1409,254,0,52571428.0,0.0,0,0,0.007,0.0,0.0,0.0,0,0,0,0,0.0,0.0,0.0,46,0,0,0,1,2,2,1,1,1,0,0,0,2,5,0,Worms
0.435898,tcp,http,FIN,10,6,1006,268,34.41172,254,252,16627.74219,4111.053223,2,1,42.315667,75.181203,2098.635242,103.148969,255,2967428236,679097116,255,0.106752,0.059983,0.046769,101,45,1,0,1,1,1,1,1,1,0,0,1,1,2,0,Worms
3.703098,tcp,http,FIN,48,230,2440,308245,74.802232,254,252,5163.244141,663023.25,2,113,78.78932,15.678179,3808.155233,1887.372741,255,314889427,3966470631,255,0.255821,0.112138,0.143683,51,1340,1,149237,1,1,1,1,1,1,0,0,1,3,1,0,Worms
0.790218,tcp,http,FIN,10,6,1306,268,18.982104,254,252,11905.5752,2267.72876,2,1,80.878667,136.497,4424.798571,202.562141,255,2873206006,2302431376,255,0.228687,0.107728,0.120959,131,45,1,0,1,1,1,1,1,1,0,0,1,1,1,0,Worms
5.280618,tcp,http,FIN,66,370,3202,482333,82.376719,254,252,4778.228516,728748.0,2,183,81.240277,13.874474,3791.718074,1649.86495,255,2558893936,3586572905,255,0.134103,0.06809,0.066013,49,1304,1,233472,1,1,1,1,1,1,0,0,1,1,2,0,Worms
0.475679,tcp,http,FIN,10,6,1296,268,31.53387,254,252,19626.67969,3767.246338,2,1,52.853222,73.576398,2656.941924,106.260813,255,4131522340,2742312359,255,0.167416,0.107119,0.060297,130,45,1,0,1,1,1,1,1,1,0,0,1,3,1,0,Worms
0.648079,tcp,http,FIN,10,6,1302,268,23.145327,254,252,14467.37207,2765.094971,2,1,72.008778,113.040398,3671.29163,196.220906,255,2253411413,1723684448,255,0.174371,0.082273,0.092098,130,45,1,0,1,1,1,1,1,1,0,0,1,3,1,0,Worms
0.223749,tcp,http,FIN,10,6,1308,268,67.039407,254,252,42118.625,8008.974609,2,1,23.364,42.921,1447.381706,70.750062,255,1517409605,1600178742,255,0.015213,0.00914,0.006073,131,45,1,0,1,1,1,1,1,1,0,0,1,1,1,0,Worms
1e-05,udp,-,INT,2,0,808,0,100000.0025,254,0,323200000.0,0.0,0,0,0.01,0.0,0.0,0.0,0,0,0,0,0.0,0.0,0.0,404,0,0,0,1,2,1,1,1,1,0,0,0,1,2,0,Worms
2.54418,tcp,http,FIN,38,204,2000,263706,94.726005,254,252,6125.353027,825142.875,2,100,68.761623,11.977724,3345.833128,1392.340076,255,4261080249,410265198,255,0.094921,0.029652,0.065269,53,1293,1,127488,1,1,27,1,1,1,0,0,1,1,2,0,Worms
0.236976,tcp,http,FIN,10,6,1314,268,63.29755,254,252,39936.53516,7561.947266,2,1,26.330667,40.399,1257.940771,67.604648,255,101462928,1831038218,255,0.066612,0.016992,0.04962,131,45,1,0,1,1,1,1,1,1,0,0,1,1,1,0,Worms
0.472132,tcp,http,FIN,10,8,1294,354,36.00688,254,252,19740.24219,5252.768555,2,1,47.494111,54.831715,3171.372849,100.340969,255,634638404,211244240,255,0.122868,0.088305,0.034563,129,44,1,0,1,1,3,1,1,1,0,0,1,26,1,0,Worms
0.735413,tcp,http,FIN,10,6,1308,268,20.396702,254,252,12814.56836,2436.726074,2,1,77.070889,120.305398,4232.251213,169.477344,255,122225468,2922988658,255,0.227124,0.133883,0.093241,131,45,1,0,1,1,1,1,1,1,0,0,1,3,2,0,Worms
0.962164,tcp,http,FIN,10,6,1296,268,15.589858,254,252,9703.12793,1862.468384,2,1,103.731111,168.896594,6370.608631,289.785062,255,2099255362,702779743,255,0.193397,0.117649,0.075748,130,45,1,0,1,1,1,1,1,1,0,0,1,1,1,0,Worms
3.972266,tcp,http,FIN,46,232,2298,308276,69.733498,254,252,4529.404785,618182.1875,2,114,88.272579,16.73787,4337.908189,2139.380744,255,4155753283,861806558,255,0.402079,0.10515,0.296929,50,1329,0,0,1,1,1,1,1,1,0,0,0,2,1,0,Worms
4.923878,tcp,http,FIN,64,370,3090,482309,87.938812,254,252,4942.445801,781507.5625,2,183,78.151412,13.155282,3679.050021,1507.010493,255,1899891080,1632359122,255,0.160498,0.06957,0.090928,48,1304,1,233472,1,1,1,1,1,1,0,0,1,1,1,0,Worms
1.011546,tcp,http,FIN,10,8,1306,354,16.805958,254,252,9300.615234,2451.692627,2,1,106.635556,133.090281,6651.825646,184.053703,255,3350420542,2976459025,255,0.130414,0.079905,0.050509,131,44,0,0,1,1,1,1,1,1,0,0,0,4,1,0,Worms
7.705627,tcp,http,FIN,112,694,5074,915107,104.469111,254,252,5221.119629,948697.875,2,345,69.420067,10.962835,3377.4502,1375.425841,255,3871153214,3429307054,255,0.22321,0.119677,0.103533,45,1319,1,443364,1,1,1,1,1,1,0,0,1,1,1,0,Worms
0.517839,tcp,http,FIN,10,6,1006,268,28.966531,254,252,13996.62793,3460.534912,2,1,55.929667,90.614,2922.303338,143.097969,255,3396192227,1910652965,255,0.120729,0.06476,0.055969,101,45,1,0,1,1,2,1,1,1,0,0,1,1,1,0,Worms
0.680733,tcp,http,FIN,10,8,1308,354,24.97308,254,252,13843.90039,3643.131592,2,1,75.528333,88.359141,4653.832885,132.045547,255,2716169663,2264219673,255,0.10614,0.062218,0.043922,131,44,0,0,2,1,1,1,1,2,0,0,0,1,2,0,Worms
0.345657,tcp,http,FIN,10,6,1022,268,43.395622,254,252,21292.78516,5184.330078,2,1,38.406333,52.757801,2032.657784,96.265867,255,4177436527,3935165696,255,0.122926,0.063752,0.059174,102,45,1,0,2,1,1,1,1,1,0,0,1,1,1,0,Worms
0.34423,tcp,http,FIN,14,6,8682,268,55.195655,254,252,187363.1094,5205.821777,4,1,22.991154,57.665398,1463.216174,74.324578,255,2719976081,817573303,255,0.135405,0.055896,0.079509,620,45,1,0,1,1,3,1,1,1,0,0,1,1,1,0,Worms
0.194249,tcp,http,FIN,10,6,1308,268,77.220473,254,252,48515.05078,9225.272461,2,1,20.489667,35.168199,1082.979153,55.996023,255,2958791896,317849703,255,0.032758,0.018399,0.014359,131,45,1,0,1,1,1,1,1,1,0,0,1,11,1,0,Worms
1e-05,udp,-,INT,2,0,2050,0,100000.0025,254,0,820000000.0,0.0,0,0,0.01,0.0,0.0,0.0,0,0,0,0,0.0,0.0,0.0,1025,0,0,0,2,2,1,1,1,1,0,0,0,1,1,0,Worms
0.272523,tcp,http,FIN,10,6,1302,268,55.041229,254,252,34404.4375,6575.592285,2,1,28.161889,51.930602,1444.549423,73.97182,255,2268101472,1626265299,255,0.065551,0.012862,0.052689,130,45,1,0,2,1,1,1,1,1,0,0,1,1,2,0,Worms
9e-06,udp,-,INT,2,0,92,0,111111.1072,254,0,40888888.0,0.0,0,0,0.009,0.0,0.0,0.0,0,0,0,0,0.0,0.0,0.0,46,0,0,0,2,2,1,1,1,1,0,0,0,1,1,0,Worms
1.225701,tcp,http,FIN,10,8,1292,354,13.869614,254,252,7590.758301,2023.332031,2,1,136.168778,162.036,6773.07698,291.778813,255,3098062779,3627167439,255,0.334451,0.09144,0.243011,129,44,0,0,1,1,1,1,1,1,0,0,0,2,1,0,Worms
1.208453,tcp,http,FIN,10,8,1282,354,14.067572,254,252,7639.519043,2052.210449,2,1,134.177778,163.168141,7492.292589,335.644094,255,1792682963,2192880787,255,0.198691,0.066272,0.132419,128,44,0,0,1,1,1,1,1,1,0,0,0,2,1,0,Worms
1.68251,tcp,http,FIN,10,6,1296,268,8.915252,254,252,5548.852539,1065.075439,2,1,181.198556,320.416812,12532.37074,594.37325,255,58279731,1768824152,255,0.164179,0.080419,0.08376,130,45,1,0,2,1,1,2,1,1,0,0,1,3,1,0,Worms
1.390068,tcp,http,FIN,10,8,1302,354,12.229617,254,252,6744.993652,1784.085327,2,1,154.452,188.954422,9245.662379,397.443656,255,4090036722,812809995,255,0.184071,0.066616,0.117455,130,44,1,0,1,1,3,1,1,1,0,0,1,1,1,0,Worms
0.242624,tcp,http,FIN,10,6,932,268,61.824057,254,252,27664.20508,7385.914062,2,1,24.586778,44.346801,1363.554817,70.744914,255,2115901242,1371923582,255,0.090834,0.02088,0.069954,93,45,0,0,2,1,1,1,1,2,0,0,0,1,2,0,Worms
0.539792,tcp,http,FIN,10,6,1296,268,27.788481,254,252,17295.55078,3319.797363,2,1,55.922333,93.528203,2814.18211,138.260703,255,2668860176,2191772567,255,0.146179,0.072142,0.074037,130,45,1,0,1,1,1,1,1,1,0,0,1,2,1,0,Worms
9e-06,udp,-,INT,2,0,808,0,111111.1072,254,0,359111104.0,0.0,0,0,0.009,0.0,0.0,0.0,0,0,0,0,0.0,0.0,0.0,404,0,0,0,4,2,2,1,1,1,0,0,0,2,2,0,Worms
0.385634,tcp,http,FIN,10,6,1314,268,38.896985,254,252,24541.4043,4646.893066,2,1,41.440444,71.709203,2760.997482,128.337063,255,290966090,1375755137,255,0.079918,0.027074,0.052844,131,45,1,0,1,1,1,1,1,1,0,0,4,1,1,0,Worms
0.966311,tcp,http,FIN,10,6,1302,268,15.522953,254,252,9702.880859,1854.475464,2,1,107.283111,180.875,6084.155023,323.502469,255,4039653977,854448978,255,0.18288,0.061931,0.120949,130,45,1,0,1,1,1,1,1,1,0,0,1,2,1,0,Worms
0.385634,tcp,http,FIN,10,6,1314,268,38.896985,254,252,24541.4043,4646.893066,2,1,41.440444,71.709203,2760.997482,128.337063,255,290966090,1375755137,255,0.079918,0.027074,0.052844,131,45,1,0,1,1,1,1,1,1,0,0,4,1,1,0,Worms
0.372559,tcp,http,FIN,10,6,1294,268,40.262078,254,252,25016.17188,4809.976074,2,1,41.395444,69.499797,2565.145553,133.313063,255,1373268550,82303598,255,0.065546,0.013264,0.052282,129,45,1,0,1,1,1,1,1,1,0,0,1,21,1,0,Worms
2.53494,tcp,http,FIN,38,204,1982,263686,95.071284,254,252,6090.874023,828087.4375,2,100,68.511892,12.1485,3431.177976,1429.712049,255,3886529599,1269301955,255,0.12887,0.080203,0.048667,52,1293,1,127488,1,1,2,1,1,1,0,0,1,2,1,0,Worms
0.919026,tcp,http,FIN,10,6,1308,268,16.321627,254,252,10254.33398,1949.890381,2,1,88.809222,153.711594,4679.620679,214.965313,255,3810482897,1564258190,255,0.275875,0.150467,0.125408,131,45,1,0,3,1,1,1,1,3,0,0,1,1,3,0,Worms
1.262909,tcp,http,FIN,10,8,1296,354,13.460985,254,252,7392.456543,1963.720215,2,1,140.221444,170.145422,7876.158196,320.889875,255,3791057701,709696045,255,0.182986,0.071882,0.111104,130,44,1,0,1,1,1,1,1,1,0,0,1,1,1,0,Worms
0.552468,tcp,http,FIN,10,6,1006,268,27.150894,254,252,13119.31152,3243.626709,2,1,55.407889,90.413,2856.908278,131.842484,255,1338699451,2315558907,255,0.177127,0.100393,0.076734,101,45,0,0,1,1,3,1,1,8,0,0,0,3,1,0,Worms
0.469675,tcp,http,FIN,10,8,1022,354,36.195241,254,252,15670.41016,5280.24707,2,1,50.286556,64.476855,3469.698475,127.04825,255,3636510647,925067762,255,0.080499,0.018329,0.06217,102,44,1,0,1,1,1,1,1,1,0,0,1,1,1,0,Worms
0.55592,tcp,http,FIN,10,6,1306,268,26.982299,254,252,16923.29883,3223.485352,2,1,60.007111,92.002398,3073.767635,149.099469,255,3957066799,1972845845,255,0.17324,0.095905,0.077335,131,45,0,0,1,1,1,1,1,1,0,0,0,1,1,0,Worms
5.273311,tcp,http,FIN,66,362,3216,481994,80.973792,254,252,4806.088379,729201.0625,2,179,81.112923,14.410776,3969.577022,1746.923307,255,3467149119,3957544389,255,0.159584,0.071012,0.088572,49,1331,1,233472,4,1,1,1,1,1,0,0,1,1,2,0,Worms
0.65829,tcp,http,FIN,10,8,1282,354,25.824484,254,252,14024.21387,3767.336426,2,1,69.730889,85.08257,4434.096322,136.863,255,774055592,2854146296,255,0.150037,0.062709,0.087328,128,44,0,0,4,1,1,2,1,1,0,0,0,2,1,0,Worms
1.3e-05,udp,-,INT,2,0,92,0,76923.07779,254,0,28307692.0,0.0,0,0,0.013,0.0,0.0,0.0,0,0,0,0,0.0,0.0,0.0,46,0,0,0,2,2,1,1,1,1,0,0,0,2,1,0,Worms
7.542804,tcp,http,FIN,114,674,5152,914241,104.33786,254,252,5416.553711,968218.1875,2,335,66.74106,11.076426,3247.760184,1325.611006,255,2403290362,3671523779,255,0.134393,0.099438,0.034955,45,1356,0,0,1,1,1,1,1,1,0,0,0,1,1,0,Worms
3.56162,tcp,http,FIN,46,232,2356,308324,77.773597,254,252,5177.419434,689564.875,2,114,79.147109,14.772078,3857.042563,1845.559132,255,2680626361,288417592,255,0.174476,0.109683,0.064793,51,1329,0,0,2,1,1,1,1,1,0,0,0,1,1,0,Worms
0.994333,tcp,http,FIN,10,8,1292,354,17.096888,254,252,9357.026367,2494.134277,2,1,106.520111,125.66843,6740.875398,174.333203,255,2956089575,1798542678,255,0.234836,0.114652,0.120184,129,44,0,0,2,1,1,1,1,1,0,0,0,1,1,0,Worms
0.246179,tcp,http,FIN,10,6,1308,268,60.931274,254,252,38281.08984,7279.256348,2,1,25.072667,46.394801,1535.535969,77.770492,255,578527743,878594715,255,0.03126,0.014195,0.017065,131,45,1,0,1,1,1,1,1,1,0,0,1,1,1,0,Worms
5e-06,udp,-,INT,2,0,2050,0,200000.0051,254,0,1640000000.0,0.0,0,0,0.005,0.0,0.0,0.0,0,0,0,0,0.0,0.0,0.0,1025,0,0,0,1,2,2,1,1,2,0,0,0,2,1,0,Worms
0.347385,tcp,http,FIN,10,6,1296,268,43.179759,254,252,26875.08203,5158.541992,2,1,38.598333,60.37975,2086.058322,79.245195,255,2818087363,168983115,255,0.154836,0.090305,0.064531,130,45,1,0,1,1,1,1,1,1,0,0,1,1,1,0,Worms
0.645884,tcp,http,FIN,10,6,1302,268,23.223985,254,252,14516.53906,2774.492188,2,1,69.526333,113.628203,3559.783136,163.159906,255,263660951,905173342,255,0.168504,0.077725,0.090779,130,45,1,0,3,1,1,1,1,1,0,0,1,1,1,0,Worms
0.7599,tcp,http,FIN,10,6,1302,268,19.73944,254,252,12338.46582,2358.205078,2,1,80.336556,134.386406,4377.886393,209.678109,255,2197209414,99497902,255,0.161005,0.087959,0.073046,130,45,1,0,1,1,1,1,1,1,0,0,1,2,1,0,Worms
0.773601,tcp,http,FIN,10,8,1296,354,21.975153,254,252,12068.23633,3205.786865,2,1,81.961444,100.63157,4561.539855,169.951453,255,1943743410,4178103545,255,0.134046,0.069177,0.064869,130,44,1,0,1,1,1,1,1,1,0,0,1,1,1,0,Worms
2e-06,udp,-,INT,2,0,808,0,500000.0013,254,0,1616000000.0,0.0,0,0,0.002,0.0,0.0,0.0,0,0,0,0,0.0,0.0,0.0,404,0,0,0,4,2,1,1,1,1,0,0,0,3,1,0,Worms
0.885775,tcp,http,FIN,10,6,1308,268,16.934322,254,252,10639.27051,2023.087036,2,1,96.070222,153.965,5561.929748,265.488594,255,3213129768,882263735,255,0.204826,0.115944,0.088882,131,45,1,0,1,1,1,1,1,1,0,0,1,1,1,0,Worms
0.317595,tcp,http,FIN,10,6,1314,268,47.229962,254,252,29798.95703,5642.40625,2,1,35.288333,56.450602,1961.41481,100.661031,255,4170353237,555439030,255,0.033852,0.015665,0.018187,131,45,1,0,1,1,1,1,1,1,0,0,1,11,1,0,Worms
0.194372,tcp,http,FIN,10,6,1294,268,77.17161,254,252,47949.29297,9219.43457,2,1,19.161889,36.138398,981.855536,53.099258,255,400511235,2045070223,255,0.064798,0.013671,0.051127,129,45,1,0,1,1,1,1,1,1,0,0,1,37,1,0,Worms
1.894141,tcp,http,FIN,10,8,1308,354,8.975045,254,252,4975.342285,1309.300659,2,1,210.460111,258.870281,13644.74852,376.156781,255,3626466700,2951972131,255,0.217456,0.080394,0.137062,131,44,1,0,2,1,1,2,1,1,0,0,1,2,2,0,Worms
0.38716,tcp,http,FIN,10,6,816,268,38.743672,254,252,15187.51953,4628.577148,2,1,35.014778,67.246797,1824.850151,91.149219,255,1856666519,4085128820,255,0.089837,0.050917,0.03892,82,45,1,0,2,1,2,2,2,2,0,0,4,2,2,0,Worms
0.764592,tcp,http,FIN,10,8,1296,354,22.234081,254,252,12210.43359,3243.560059,2,1,82.386,99.195289,5290.400088,160.562547,255,1218879297,85852923,255,0.154961,0.070216,0.084745,130,44,1,0,2,1,1,2,1,1,0,0,1,4,1,0,Worms
0.38716,tcp,http,FIN,10,6,816,268,38.743672,254,252,15187.51953,4628.577148,2,1,35.014778,67.246797,1824.850151,91.149219,255,1856666519,4085128820,255,0.089837,0.050917,0.03892,82,45,1,0,2,1,2,2,2,2,0,0,4,2,2,0,Worms
3.911763,tcp,http,FIN,12,12,1252,2144,5.879702,62,252,2347.790527,4020.693604,3,3,355.519551,348.757375,23382.07711,682.11225,255,2096874480,3853068414,255,0.155203,0.075431,0.079772,104,179,1,233472,1,1,1,1,1,2,0,0,4,1,1,0,Worms
9.745114,tcp,http,FIN,116,698,5284,915302,83.42642,254,252,4300.821777,750317.3125,2,347,84.740121,13.903942,4009.090421,1643.987382,255,3588406060,421898955,255,0.126188,0.078252,0.047936,46,1311,1,443364,1,1,1,1,1,1,0,0,1,1,1,0,Worms
0.413517,tcp,http,FIN,10,6,1006,268,36.274204,254,252,17527.69531,4333.558105,2,1,41.874444,74.722398,2139.879527,102.698758,255,1974298504,3367634246,255,0.101872,0.039904,0.061968,101,45,1,0,1,1,1,1,1,5,0,0,1,3,1,0,Worms
0.432285,tcp,http,FIN,10,6,1306,268,34.699329,254,252,21763.41992,4145.413086,2,1,47.924889,67.031398,2402.050482,84.750711,255,4046894510,1917553694,255,0.140961,0.097125,0.043836,131,45,1,0,1,1,1,1,1,1,0,0,1,1,1,0,Worms
0.236127,tcp,http,FIN,10,6,1302,268,63.525136,254,252,39707.44531,7589.13623,2,1,23.112556,43.757,1202.71422,66.780602,255,2553116958,1780844944,255,0.067722,0.017341,0.050381,130,45,1,0,3,1,1,1,1,1,0,0,1,1,1,0,Worms
3.800207,tcp,http,FIN,50,238,2524,308576,75.522204,254,252,5208.137695,646870.0625,2,117,77.555242,15.706687,3865.544473,1798.461159,255,131430415,4138272602,255,0.160209,0.092305,0.067904,50,1297,1,149237,2,1,1,1,1,1,0,0,1,1,1,0,Worms
5.411692,tcp,http,FIN,66,368,3214,482261,80.011942,254,252,4680.236816,710980.5625,2,181,83.2554,14.533106,4393.514627,1779.647006,255,2117020568,3891423816,255,0.181316,0.09256,0.088756,49,1310,1,233472,5,1,4,3,2,4,0,0,4,3,4,0,Worms
15.887326,tcp,http,FIN,10,8,1292,354,1.070035,254,252,585.624023,156.099274,2,1,1765.245333,2256.6845,119205.5919,3604.42525,255,1999084223,2294194929,255,0.152145,0.09053,0.061615,129,44,1,0,1,1,2,1,1,1,0,0,1,1,1,0,Worms
6e-06,udp,-,INT,2,0,2050,0,166666.6608,254,0,1366666624.0,0.0,0,0,0.006,0.0,0.0,0.0,0,0,0,0,0.0,0.0,0.0,1025,0,0,0,1,2,2,1,1,1,0,0,0,1,1,0,Worms
3.911763,tcp,http,FIN,12,12,1252,2144,5.879702,62,252,2347.790527,4020.693604,3,3,355.519551,348.757375,23382.07711,682.11225,255,2096874480,3853068414,255,0.155203,0.075431,0.079772,104,179,1,233472,1,1,1,1,1,1,0,0,4,1,1,0,Worms
0.267476,tcp,http,FIN,10,6,1022,268,56.079799,254,252,27516.48828,6699.666504,2,1,29.605111,47.281801,1496.687302,80.450727,255,3764792852,2331549498,255,0.066368,0.031057,0.035311,102,45,1,0,1,1,1,1,1,1,0,0,1,1,1,0,Worms
0.316415,tcp,http,FIN,10,6,1308,268,47.406095,254,252,29783.66992,5663.448242,2,1,35.079,52.083801,1845.402675,71.377648,255,3413250837,2068889407,255,0.136028,0.05599,0.080038,131,45,1,0,1,1,1,1,1,1,0,0,1,1,1,0,Worms
0.518373,tcp,http,FIN,10,6,1282,268,28.936692,254,252,17809.56836,3456.969971,2,1,52.129444,89.169797,2659.299563,116.802688,255,522517530,3251581141,255,0.12456,0.07252,0.05204,128,45,1,0,2,1,1,1,1,1,0,0,1,1,1,0,Worms
0.317519,tcp,http,FIN,10,6,1302,268,47.241266,254,252,29528.94141,5643.756348,2,1,32.577889,54.511398,1600.674387,76.049305,255,1999662681,1064111785,255,0.090385,0.044958,0.045427,130,45,1,0,1,1,1,1,1,1,0,0,1,2,1,0,Worms
0.35158,tcp,http,FIN,10,6,1296,268,42.664544,254,252,26554.41211,5096.990723,2,1,38.962444,57.005,1998.570128,85.875445,255,2653772171,3842006425,255,0.134771,0.066552,0.068219,130,45,1,0,1,1,1,1,1,1,0,0,1,1,1,0,Worms
5.411692,tcp,http,FIN,66,368,3214,482261,80.011942,254,252,4680.236816,710980.5625,2,181,83.2554,14.533106,4393.514627,1779.647006,255,2117020568,3891423816,255,0.181316,0.09256,0.088756,49,1310,1,233472,5,1,4,3,2,4,0,0,4,3,4,0,Worms
0.326768,tcp,http,FIN,10,6,1296,268,45.904126,254,252,28570.72852,5484.013184,2,1,36.307556,55.835602,1851.773091,98.120727,255,2954475506,1165081677,255,0.061652,0.030794,0.030858,130,45,1,0,1,1,1,1,1,1,0,0,1,1,1,0,Worms
2.57351,tcp,http,FIN,38,200,2002,263543,92.092126,254,252,6061.760254,815154.4375,2,97,69.554326,12.418417,3693.623832,1582.119642,255,2201579574,1934419579,255,0.205233,0.101551,0.103682,53,1318,1,127488,1,1,2,1,1,1,0,0,1,1,2,0,Worms
3e-06,udp,-,INT,2,0,92,0,333333.3215,254,0,122666664.0,0.0,0,0,0.003,0.0,0.0,0.0,0,0,0,0,0.0,0.0,0.0,46,0,0,0,2,2,1,1,1,1,0,0,0,1,1,0,Worms
7e-06,udp,-,INT,2,0,808,0,142857.1409,254,0,461714272.0,0.0,0,0,0.007,0.0,0.0,0.0,0,0,0,0,0.0,0.0,0.0,404,0,0,0,2,2,1,1,1,1,0,0,0,1,1,0,Worms
0.174514,tcp,http,FIN,10,6,1308,268,85.952992,254,252,54001.39844,10268.51758,2,1,19.301111,32.776801,1108.838175,59.31243,255,3588639009,1063879651,255,0.025277,0.010622,0.014655,131,45,1,0,1,1,1,1,1,1,0,0,1,12,1,0,Worms
0.35709,tcp,http,FIN,14,6,8682,268,53.207875,254,252,180615.5313,5018.342773,4,1,27.450769,65.526801,1706.142528,111.153719,255,1567078894,4098128655,255,0.078295,0.029447,0.048848,620,45,1,0,1,1,1,1,1,1,0,0,1,1,1,0,Worms
2.6538,tcp,http,FIN,38,204,2002,263706,90.813173,254,252,5878.363281,791058.875,2,100,71.724327,12.508739,3774.085408,1917.704701,255,1248574443,868412835,255,0.14755,0.082033,0.065517,53,1293,1,127488,4,1,1,1,1,1,0,0,1,1,1,0,Worms
0.404662,tcp,http,FIN,10,6,1302,268,37.067972,254,252,23169.95313,4428.387207,2,1,44.857778,66.391797,2166.391485,96.569125,255,255971816,3662506664,255,0.133245,0.072699,0.060546,130,45,1,0,1,1,1,1,1,1,0,0,1,5,1,0,Worms
0.225459,tcp,http,FIN,10,6,1302,268,66.530945,254,252,41586.27734,7948.230469,2,1,22.070556,42.376602,1144.519238,64.842996,255,997016902,2279058569,255,0.065852,0.013567,0.052285,130,45,1,0,1,1,1,1,1,1,0,0,1,1,1,0,Worms
0.282141,tcp,http,FIN,14,6,8682,268,67.342215,254,252,228594.9219,6351.434082,4,1,18.474385,44.032,1113.205537,55.952531,255,2712257908,1585864166,255,0.091554,0.061973,0.029581,620,45,1,0,1,1,1,1,1,1,0,0,1,1,1,0,Worms
0.569059,tcp,http,FIN,10,6,1294,268,26.359305,254,252,16377.91504,3149.05835,2,1,63.133333,106.113203,3265.3051,182.593031,255,2745895345,4187928499,255,0.102224,0.038485,0.063739,129,45,1,0,1,1,1,1,1,1,0,0,1,18,1,0,Worms
0.260245,tcp,http,FIN,10,6,1302,268,57.637996,254,252,36027.58984,6885.819336,2,1,26.491111,48.913398,1476.059783,76.143672,255,309952103,2940668883,255,0.070197,0.015669,0.054528,130,45,1,0,1,1,1,1,1,1,0,0,1,1,1,0,Worms
0.362757,tcp,http,FIN,10,6,1314,268,41.349995,254,252,26089.08984,4939.946289,2,1,39.198778,68.499602,2600.203668,121.016242,255,3484986599,2843550890,255,0.039943,0.020256,0.019687,131,45,1,0,1,1,1,1,1,1,0,0,1,2,1,0,Worms
0.561534,tcp,http,FIN,14,8,8682,354,37.397558,254,252,114856.8047,4416.473633,4,1,40.162539,72.06643,3122.274391,112.126883,255,4043959151,428521946,255,0.110487,0.057059,0.053428,620,44,1,0,1,1,1,1,1,1,0,0,1,1,1,0,Worms
1.177513,tcp,http,FIN,10,8,1306,354,14.437208,254,252,7989.720703,2106.133789,2,1,128.388333,155.956578,9359.289003,211.985187,255,3384616369,4060339489,255,0.164493,0.085814,0.078679,131,44,1,0,1,1,1,1,1,1,0,0,1,1,1,0,Worms
0.73432,tcp,http,FIN,10,8,1296,354,23.15067,254,252,12713.80371,3377.27417,2,1,79.309222,93.046,4532.775434,184.381531,255,1227261162,3313655909,255,0.221709,0.08299,0.138719,130,44,1,0,3,1,2,1,1,1,0,0,1,1,1,0,Worms
0.238189,tcp,-,CON,6,2,834,96,29.388427,254,252,23342.80859,1612.165161,2,1,47.6378,0.009,2768.962242,0.0,255,3472616665,1751163224,255,0.189733,0.083418,0.106315,139,48,1,0,6,0,2,2,2,2,0,0,2,4,1,0,Worms
1.241609,tcp,http,FIN,10,10,760,1252,15.302724,62,252,4407.18457,7261.54541,2,2,137.956556,132.588781,7963.501102,279.042281,255,2179956175,157948654,255,0.108363,0.047553,0.06081,76,125,1,183,1,1,1,1,1,2,0,0,1,17,1,0,Worms
3e-06,udp,-,INT,2,0,92,0,333333.3215,254,0,122666664.0,0.0,0,0,0.003,0.0,0.0,0.0,0,0,0,0,0.0,0.0,0.0,46,0,0,0,1,2,1,1,1,1,0,0,0,1,1,0,Worms
0.497404,tcp,http,FIN,10,6,1296,268,30.156572,254,252,18769.45117,3602.705078,2,1,49.79,84.105398,2466.535649,114.78582,255,2304277639,590904973,255,0.160412,0.076869,0.083543,130,45,1,0,1,1,3,1,1,1,0,0,1,1,1,0,Worms
0.649706,tcp,http,FIN,10,8,1296,354,26.165681,254,252,14369.57617,3817.111084,2,1,68.975333,82.465289,4415.899067,132.544,255,214092218,1549207038,255,0.156096,0.072448,0.083648,130,44,1,0,1,1,1,1,1,1,0,0,1,1,1,0,Worms
1.636358,tcp,http,FIN,10,8,1292,354,10.388925,254,252,5685.797363,1515.560791,2,1,181.817556,209.429578,10278.5057,338.096344,255,2997885010,1505443127,255,0.18885,0.11366,0.07519,129,44,1,0,1,1,2,1,1,1,0,0,1,1,1,0,Worms
1.3e-05,udp,-,INT,2,0,2050,0,76923.07779,254,0,630769216.0,0.0,0,0,0.013,0.0,0.0,0.0,0,0,0,0,0.0,0.0,0.0,1025,0,0,0,2,2,1,1,1,1,0,0,0,1,1,0,Worms
0.688471,tcp,http,FIN,10,6,1302,268,21.787409,254,252,13618.58301,2602.869141,2,1,70.353,124.306203,4125.185216,192.629562,255,4232239835,2368494428,255,0.149497,0.066932,0.082565,130,45,1,0,1,1,1,1,1,1,0,0,1,4,1,0,Worms
0.259378,tcp,http,FIN,10,6,1308,268,57.830659,254,252,36333.07422,6908.835938,2,1,28.819778,43.349398,1489.356272,65.517953,255,766566468,3510803096,255,0.09462,0.041439,0.053181,131,45,1,0,2,1,1,1,1,1,0,0,1,9,1,0,Worms
0.58705,tcp,http,FIN,10,6,1282,268,25.551485,254,252,15726.08789,3052.550781,2,1,54.664222,103.232797,2825.648334,133.967531,255,2228256836,3254671381,255,0.147546,0.070876,0.07667,128,45,1,0,1,1,1,1,1,1,0,0,1,1,1,0,Worms
3.871076,tcp,http,FIN,46,232,2294,308273,71.55633,254,252,4639.536621,634335.25,2,113,86.023912,16.385251,4714.659403,2018.447119,255,2443634197,3800249613,255,0.13882,0.056488,0.082332,50,1329,1,149237,1,1,1,1,1,1,0,0,1,1,1,0,Worms
5.869643,tcp,http,FIN,68,354,3264,481642,71.724973,254,252,4383.230469,654597.875,2,174,87.606609,16.25291,4342.422769,2008.83341,255,1922599459,2326255763,255,0.22072,0.132167,0.088553,48,1361,1,233472,1,1,1,1,1,1,0,0,1,1,3,0,Worms
9e-06,udp,-,INT,2,0,808,0,111111.1072,254,0,359111104.0,0.0,0,0,0.009,0.0,0.0,0.0,0,0,0,0,0.0,0.0,0.0,404,0,0,0,1,2,1,1,1,1,0,0,0,1,1,0,Worms
0.238189,tcp,http,CON,6,2,834,96,29.388427,254,252,23342.80859,1612.165161,2,1,47.6378,0.009,2768.962242,0.0,255,3472616665,1751163224,255,0.189733,0.083418,0.106315,139,48,1,0,1,0,2,2,2,2,0,0,2,4,1,0,Worms
1.781064,tcp,http,FIN,38,204,2006,263718,135.312373,254,252,8776.776367,1178738.125,2,100,48.136864,8.615739,2332.4247,1056.944465,255,1153938807,88026583,255,0.084797,0.031317,0.05348,53,1293,1,127488,1,1,1,1,1,1,0,0,1,1,1,0,Worms
1.092952,tcp,http,FIN,10,8,1308,354,15.554205,254,252,8622.519531,2269.083984,2,1,121.330222,140.882578,6318.297942,237.225109,255,2195247902,1999264189,255,0.189132,0.106751,0.082381,131,44,1,0,1,1,2,1,1,1,0,0,1,1,1,0,Worms
1.370274,tcp,http,FIN,10,8,1308,354,12.406278,254,252,6877.457031,1809.857056,2,1,149.824556,176.616,9929.69379,253.454594,255,1417581238,3539794330,255,0.215256,0.133959,0.081297,131,44,1,0,1,1,2,1,1,1,0,0,1,5,2,0,Worms
0.205475,tcp,http,FIN,10,6,1314,268,73.001581,254,252,46059.12891,8721.255859,2,1,20.689778,33.332801,1183.326781,50.607621,255,2204486000,1990559986,255,0.096599,0.038805,0.057794,131,45,1,0,1,1,1,1,1,1,0,0,1,18,1,0,Worms
1.518915,tcp,http,FIN,10,8,1296,354,11.192199,254,252,6146.492676,1632.744385,2,1,160.714556,206.044719,10443.95764,274.506031,255,2999602937,1857120492,255,0.167342,0.076601,0.090741,130,44,1,0,3,1,1,1,1,1,0,0,1,1,1,0,Worms
0.694885,tcp,http,FIN,10,6,1294,268,21.586305,254,252,13412.29102,2578.843994,2,1,71.539667,131.532594,4564.521772,227.002438,255,2867172519,1012940810,255,0.118788,0.037217,0.081571,129,45,1,0,1,1,2,1,1,1,0,0,1,1,1,0,Worms
8.7345,tcp,http,FIN,114,686,5154,914758,91.47633,254,252,4679.375,836613.4375,2,341,77.291231,12.655595,3644.098928,1569.626815,255,3049056587,1142213436,255,0.132647,0.07807,0.054577,45,1333,1,443364,1,1,2,1,1,1,0,0,1,2,1,0,Worms
0.605943,tcp,http,FIN,10,6,1302,268,24.754803,254,252,15473.40234,2957.373779,2,1,65.607889,108.024398,3434.178772,160.602578,255,3929846639,1561705413,255,0.14168,0.065812,0.075868,130,45,1,0,1,1,3,1,1,8,0,0,1,4,1,0,Worms
0.258671,tcp,http,FIN,10,6,1022,268,57.988722,254,252,28453.13281,6927.719238,2,1,26.850333,43.196,1347.212612,62.070973,255,605886437,1018502068,255,0.076541,0.042682,0.033859,102,45,1,0,1,1,3,1,1,1,0,0,1,1,1,0,Worms
0.201833,tcp,http,FIN,10,6,1308,268,74.318869,254,252,46692.07031,8878.62793,2,1,20.555,37.485,1029.959401,56.74282,255,2213049113,3720986296,255,0.059694,0.014399,0.045295,131,45,1,0,1,1,1,1,1,1,0,0,1,1,2,0,Worms
4.23501,tcp,http,FIN,46,236,2314,308456,66.351671,254,252,4276.730957,580209.25,2,116,94.089292,17.785219,4511.060777,2129.54145,255,3840933853,1541394341,255,0.206742,0.108835,0.097907,50,1307,1,149237,1,1,1,1,1,1,0,0,1,1,1,0,Worms
0.196822,tcp,http,FIN,10,6,1022,268,76.210992,254,252,37394.19141,9104.672852,2,1,20.148333,36.926398,1068.815062,61.553535,255,2705486571,623528626,255,0.064706,0.012189,0.052517,102,45,1,0,1,1,1,1,1,1,0,0,1,1,1,0,Worms
1.260943,tcp,http,FIN,10,6,1282,268,11.895858,254,252,7321.504395,1421.158569,2,1,138.352778,245.242,9637.030379,450.915937,255,560953154,4194638564,255,0.098667,0.034732,0.063935,128,45,1,0,4,1,1,1,1,1,0,0,1,1,1,0,Worms
5e-06,udp,-,INT,2,0,92,0,200000.0051,254,0,73600000.0,0.0,0,0,0.005,0.0,0.0,0.0,0,0,0,0,0.0,0.0,0.0,46,0,0,0,1,2,1,1,1,1,0,0,0,19,1,0,Worms
0.678688,tcp,http,FIN,10,6,1306,268,22.101467,254,252,13862.04004,2640.388672,2,1,71.071667,114.114398,3585.672173,175.462531,255,94971482,1211350451,255,0.187901,0.10811,0.079791,131,45,1,0,1,1,1,1,1,1,0,0,1,2,1,0,Worms
6e-06,udp,-,INT,2,0,2050,0,166666.6608,254,0,1366666624.0,0.0,0,0,0.006,0.0,0.0,0.0,0,0,0,0,0.0,0.0,0.0,1025,0,0,0,1,2,1,1,1,1,0,0,0,1,1,0,Worms
0.928794,tcp,http,FIN,10,6,1302,268,16.149975,254,252,10094.81055,1929.383667,2,1,96.318667,157.907406,5106.424147,254.466859,255,1102451960,1730706679,255,0.239367,0.139249,0.100118,130,45,1,0,1,1,1,1,1,1,0,0,1,1,1,0,Worms
0.226263,tcp,http,FIN,10,6,1302,268,66.294533,254,252,41438.50391,7919.986816,2,1,23.494667,42.942801,1241.200823,68.33443,255,701662753,752664488,255,0.058136,0.011539,0.046597,130,45,1,0,1,1,1,1,1,1,0,0,1,1,2,0,Worms
0.390372,tcp,http,FIN,14,6,8682,268,48.671523,254,252,165216.7656,4590.493164,4,1,24.145231,70.977797,1517.354638,95.391852,255,2048442348,1642264782,255,0.072417,0.035482,0.036935,620,45,1,0,1,1,1,1,1,1,0,0,1,1,1,0,Worms
5.566142,tcp,http,FIN,64,376,3114,482584,78.869708,254,252,4406.642578,691755.25,2,185,88.351463,14.691118,4387.322053,1946.498734,255,2449907520,1243303547,255,0.153739,0.071058,0.082681,49,1283,1,233472,3,1,1,3,1,2,0,0,1,3,1,0,Worms
0.328449,tcp,http,FIN,10,6,1296,268,45.669189,254,252,28424.50391,5455.945801,2,1,34.029222,56.455,1681.684053,78.133281,255,1738862795,734401623,255,0.095843,0.046171,0.049672,130,45,1,0,1,1,5,1,1,1,0,0,1,1,1,0,Worms
0.198608,tcp,http,FIN,10,6,1294,268,75.52566,254,252,46926.60938,9022.798828,2,1,20.580556,38.292,1099.949351,64.418328,255,4197198648,1509543957,255,0.053521,0.007142,0.046379,129,45,1,0,1,1,1,1,1,1,0,0,1,1,1,0,Worms
0.689624,tcp,http,FIN,10,6,1302,268,21.750983,254,252,13595.81445,2598.517334,2,1,67.247333,123.945602,3623.624485,183.511219,255,2713458037,1858762884,255,0.103933,0.069892,0.034041,130,45,1,0,1,1,1,1,1,1,0,0,1,1,1,0,Worms
0.716176,tcp,http,FIN,10,8,1314,354,23.737183,254,252,13214.62891,3462.836182,2,1,70.949222,95.113711,5325.112416,119.182578,255,1751333877,699434397,255,0.099212,0.050377,0.048835,131,44,1,0,2,1,1,1,1,1,0,0,1,1,1,0,Worms
2.008628,tcp,http,FIN,38,204,1988,263696,119.982402,254,252,7710.736328,1045107.438,2,100,54.287245,9.438502,2700.060844,1144.644601,255,1224600597,3064456751,255,0.140677,0.0688,0.071877,52,1293,1,127488,2,1,1,1,1,1,0,0,1,1,1,0,Worms
1e-05,udp,-,INT,2,0,808,0,100000.0025,254,0,323200000.0,0.0,0,0,0.01,0.0,0.0,0.0,0,0,0,0,0.0,0.0,0.0,404,0,0,0,7,2,1,1,1,1,0,0,0,2,1,0,Worms
0.344051,tcp,http,FIN,10,6,1296,268,43.598187,254,252,27135.51172,5208.530273,2,1,36.186111,62.513801,1919.077426,105.955047,255,1127049042,905114555,255,0.106057,0.031473,0.074584,130,45,1,0,1,1,1,1,1,1,0,0,1,1,1,0,Worms
0.796534,tcp,http,FIN,10,8,1296,354,21.342466,254,252,11720.78027,3113.489258,2,1,88.392556,103.41557,5089.784871,176.667234,255,2138625795,1026828012,255,0.13926,0.072619,0.066641,130,44,1,0,5,1,1,2,1,1,0,0,1,2,1,0,Worms
1.180302,tcp,http,FIN,10,8,1308,354,14.403093,254,252,7984.396973,2101.157227,2,1,131.042,154.405,8204.585786,212.396578,255,2239850708,2157601874,255,0.148083,0.099457,0.048626,131,44,1,0,2,1,1,1,1,1,0,0,1,3,1,0,Worms
3.99375,tcp,http,FIN,48,236,2416,308476,70.860718,254,252,4739.405273,615299.375,2,116,84.973407,16.561085,4002.976879,1923.690198,255,2507864534,1188416310,255,0.217738,0.101218,0.11652,50,1307,0,0,1,1,1,1,1,1,0,0,0,1,2,0,Worms
0.560773,tcp,http,FIN,10,6,1306,268,26.748791,254,252,16776.8418,3195.588867,2,1,62.216222,94.112602,3096.431149,153.794734,255,488399530,924960196,255,0.146868,0.090199,0.056669,131,45,1,0,1,1,1,1,1,1,0,0,1,2,1,0,Worms
0.544761,tcp,http,FIN,10,6,1282,268,27.535011,254,252,16946.88086,3289.515869,2,1,58.176889,89.090203,3011.273709,139.396953,255,2560477079,1214634508,255,0.157189,0.099303,0.057886,128,45,1,0,1,1,1,1,1,1,0,0,1,1,1,0,Worms
1.428784,tcp,http,FIN,10,8,1292,354,11.898229,254,252,6511.831055,1735.741699,2,1,154.344444,188.606422,8772.672668,338.968969,255,3437754332,294354518,255,0.216481,0.108536,0.107945,129,44,1,0,2,1,1,1,1,1,0,0,1,1,1,0,Worms
0.489608,tcp,http,FIN,14,6,8682,268,38.806556,254,252,131729.875,3660.071045,4,1,32.29,88.456602,2140.566103,125.556797,255,4052817148,3536144038,255,0.075372,0.047323,0.028049,620,45,1,0,1,1,1,1,1,1,0,0,1,1,1,0,Worms
0.260798,tcp,http,FIN,10,6,1308,268,57.515777,254,252,36135.24609,6871.218262,2,1,27.180222,45.143,1448.225397,62.970301,255,1696025488,4169273562,255,0.08648,0.035079,0.051401,131,45,1,0,1,1,1,1,1,1,0,0,1,1,1,0,Worms
9e-06,udp,-,INT,2,0,2050,0,111111.1072,254,0,911111104.0,0.0,0,0,0.009,0.0,0.0,0.0,0,0,0,0,0.0,0.0,0.0,1025,0,0,0,1,2,1,1,1,1,0,0,0,1,1,0,Worms
0.476089,tcp,http,FIN,10,6,1296,268,31.506714,254,252,19609.7793,3764.002197,2,1,52.898778,75.371797,2719.321673,140.007906,255,3908003714,4284050677,255,0.104906,0.070645,0.034261,130,45,0,0,1,1,1,1,1,1,0,0,0,7,1,0,Worms
0.595302,tcp,http,FIN,10,6,1296,268,25.197295,254,252,15682.79688,3010.236816,2,1,59.988889,103.168398,3761.763261,170.039094,255,55797008,2490904203,255,0.143299,0.079449,0.06385,130,45,0,0,1,1,1,1,1,1,0,0,0,8,1,0,Worms
0.315213,tcp,http,FIN,10,6,1302,268,47.586871,254,252,29744.9668,5685.044922,2,1,28.554111,59.245199,1657.568439,81.730828,255,2993197197,4128834020,255,0.068144,0.018976,0.049168,130,45,1,0,1,1,1,1,1,1,0,0,1,1,3,0,Worms
7.071333,tcp,http,FIN,112,696,5090,915210,114.122756,254,252,5707.551758,1033916.5,2,346,63.705703,10.090862,3007.833895,1208.563053,255,630754509,2152988757,255,0.136165,0.04431,0.091855,45,1315,1,443364,1,1,1,1,1,1,0,0,1,1,1,0,Worms
1.286678,tcp,http,FIN,10,8,1302,354,13.212319,254,252,7286.98291,1927.444214,2,1,138.953333,162.000859,8987.440065,234.690859,255,268158669,2487669866,255,0.253241,0.152666,0.100575,130,44,0,0,1,1,1,1,1,1,0,0,0,2,1,0,Worms
0.269653,tcp,http,FIN,10,6,1006,268,55.627048,254,252,26878.99023,6645.578125,2,1,27.707444,48.263398,1360.492067,66.16818,255,2140046805,853247791,255,0.05576,0.028325,0.027435,101,45,1,0,1,1,1,1,1,1,0,0,1,1,1,0,Worms
0.256677,tcp,http,FIN,10,6,1022,268,58.439205,254,252,28674.16992,6981.537109,2,1,25.012556,39.426801,1286.961789,53.508348,255,1550911366,1539411766,255,0.085167,0.059532,0.025635,102,45,0,0,1,1,1,1,1,1,0,0,0,1,1,0,Worms
1.1e-05,udp,-,INT,2,0,808,0,90909.0902,254,0,293818176.0,0.0,0,0,0.011,0.0,0.0,0.0,0,0,0,0,0.0,0.0,0.0,404,0,0,0,2,2,1,1,1,1,0,0,0,1,1,0,Worms
0.553215,tcp,http,FIN,10,6,1302,268,27.114231,254,252,16948.20117,3239.246826,2,1,57.611222,97.146602,3146.843315,158.934672,255,2998926059,2446852364,255,0.154293,0.067479,0.086814,130,45,0,0,1,1,1,1,1,1,0,0,0,1,1,0,Worms
3.422533,tcp,http,FIN,62,372,3006,482406,126.514484,254,252,6914.177246,1124570.625,2,184,56.1071,9.093644,2660.789828,1101.114492,255,202555155,764567684,255,0.102029,0.048024,0.054005,48,1297,0,0,1,1,2,1,1,1,0,0,0,1,1,0,Worms
4e-06,udp,-,INT,2,0,92,0,250000.0006,254,0,92000000.0,0.0,0,0,0.004,0.0,0.0,0.0,0,0,0,0,0.0,0.0,0.0,46,0,0,0,1,2,4,1,1,1,0,0,0,1,15,0,Worms
2.095087,tcp,http,FIN,38,204,2004,263720,115.03102,254,252,7453.628418,1002070.063,2,100,56.623971,9.804177,2715.093495,1200.314438,255,496428052,4288672859,255,0.157886,0.104189,0.053697,53,1293,1,127488,4,1,1,2,1,1,0,0,1,3,1,0,Worms
0.22641,tcp,-,FIN,10,6,1314,268,66.25149,254,252,41800.27344,7914.844727,2,1,22.389,34.993801,1105.716695,46.969715,255,3056194095,3142909258,255,0.067477,0.051439,0.016038,131,45,0,0,2,1,1,1,1,1,0,0,0,1,2,0,Worms
0.731113,tcp,-,FIN,10,6,1308,268,20.516664,254,252,12889.93555,2451.057373,2,1,81.186444,107.014797,4007.445821,167.979797,255,2599596501,982387923,255,0.246384,0.196027,0.050357,131,45,0,0,1,1,1,1,1,1,0,0,0,1,1,0,Worms
0.556154,tcp,-,FIN,10,6,1296,268,26.970946,254,252,16786.7168,3222.12915,2,1,58.261,91.630602,3131.494886,137.110156,255,2022114637,3163237599,255,0.230332,0.098,0.132332,130,45,0,0,4,1,1,1,1,1,0,0,0,1,1,0,Worms
0.431666,tcp,http,FIN,10,8,1294,354,39.382301,254,252,21590.76758,5745.182617,2,1,47.962889,52.069145,3088.235721,113.840578,255,2285045902,209902208,255,0.097639,0.047976,0.049663,129,44,1,0,1,1,1,1,1,1,0,0,1,1,1,0,Worms
0.713732,tcp,-,FIN,10,6,1308,268,21.016292,254,252,13203.83594,2510.746338,2,1,79.144556,117.764398,3826.819719,162.904703,255,3686507014,1888899032,255,0.232683,0.124904,0.107779,131,45,0,0,4,1,1,2,1,1,0,0,0,2,3,0,Worms
